mtime,AG,AM,AQ,BZ,CU,ER,EZ,FY,GT,HM,IY,KZ,LT,NP,NY,OT,PV,RS,RU,VX
2021-11-01T00:00,14386,14084,8762,15119,13784,9781,12151,10234,15202,14871,11313,9742,13418,13000,11372,6438,6854,12033,15519,8649
2021-11-01T00:05,9001,14511,10733,14025,10561,9689,13060,10734,11137,10804,17459,10686,12150,12572,14072,7824,9312,8611,12504,12254
2021-11-01T00:10,12333,11213,9530,14819,9592,8782,13009,10034,13054,12946,13853,9156,10487,8868,13266,8177,10536,14227,14681,9212
2021-11-01T00:15,9708,11559,8728,17194,10557,9602,11414,9626,13821,14150,13929,11016,11014,8774,13642,9640,9794,11114,12705,11426
2021-11-01T00:20,9229,16455,10582,16278,13989,10224,14905,10860,12095,12323,15146,9685,11961,9511,13728,9129,12350,13755,16691,7758
2021-11-01T00:25,12252,13433,11974,13335,11862,7941,12627,12466,13386,14157,16275,9470,11406,10669,14093,7904,10495,11297,17653,10664
2021-11-01T00:30,9864,15164,10773,15069,14267,10671,13591,8874,12236,14378,14994,7833,12014,11404,13249,7954,7462,11249,15642,13480
2021-11-01T00:35,13771,14984,9432,13897,13052,11095,12021,8621,10849,11874,15226,11066,9964,11976,0,9152,7664,11652,15509,10158
2021-11-01T00:40,13594,13032,9353,13547,15159,10442,12138,12012,13090,15414,14721,6696,11886,11247,12403,6726,8579,12539,16250,10713
2021-11-01T00:45,8025,13289,10446,15823,12693,11539,14829,9124,12607,14181,11848,11255,12936,13655,16243,8491,9465,10868,14423,11452
2021-11-01T00:50,13497,14502,7730,12180,13360,11554,9284,9596,13202,12674,15928,9107,11911,12385,11392,7588,12668,10799,13088,10686
2021-11-01T00:55,10370,14317,9035,16603,13970,10028,14188,7480,10852,14181,14128,9732,12840,12932,15600,5330,10398,11758,15415,9070
2021-11-01T01:00,9293,13162,7545,16613,12482,9377,14409,12632,11645,13649,15346,11615,12249,12716,16386,8647,8677,10976,14603,11829
2021-11-01T01:05,10127,14697,12222,13536,12512,9311,14592,8487,11932,11771,17572,10802,11038,10141,13108,8245,9358,8623,13959,13184
2021-11-01T01:10,11841,10958,9069,15116,13549,10120,15383,11019,13293,15161,14173,10059,10393,14203,11626,7576,11746,11696,14218,12177
2021-11-01T01:15,12304,15923,8731,12480,11122,11020,10702,8895,13683,15248,14458,8091,10871,0,11114,9637,10562,11534,15980,11183
2021-11-01T01:20,0,10439,11303,13554,9601,11544,11770,10629,11732,13163,14261,9794,11500,12955,9888,7992,8943,8161,13018,10579
2021-11-01T01:25,12326,15805,8953,10923,14191,11880,13562,12547,11722,12908,13129,8370,9631,11947,15591,7425,10596,11818,14224,13157
2021-11-01T01:30,14228,15124,9597,14830,12207,7710,14367,8747,14192,12859,14408,8518,13550,10913,12876,7306,12407,12678,14731,12498
2021-11-01T01:35,11055,13096,12224,17430,12111,8688,11738,11881,9996,13406,13764,10595,12145,9630,12765,5888,12316,10337,15491,9165
2021-11-01T01:40,8211,10827,9660,12392,15880,8975,11768,10729,12951,13336,15155,7768,11268,12087,14000,7434,12417,12278,13770,10634
2021-11-01T01:45,13114,12709,8990,11434,13562,11590,10883,11192,11675,16385,15860,9806,12141,12327,10907,6811,11567,8484,10680,12687
2021-11-01T01:50,13614,14078,10792,14781,9672,7561,11175,10342,11121,13076,15332,10723,12641,12994,14314,8759,11728,11235,11417,11643
2021-11-01T01:55,10335,11720,11965,16205,11551,8907,13016,13145,12361,13064,16401,8432,14692,12410,9480,8571,8725,9986,12462,10694
2021-11-01T02:00,11145,8896,11071,12981,9637,7918,11963,8605,10924,14530,15926,10702,11164,8884,12255,8352,8706,9726,13088,12899
2021-11-01T02:05,13179,14403,9785,14319,9987,11495,12196,12207,11788,13974,15347,8073,11989,12786,11707,7843,8316,12210,13043,9410
2021-11-01T02:10,11851,13596,7307,12243,12442,7538,13261,11138,12064,13273,13746,9300,13506,10296,11751,8147,7902,11256,12657,8595
2021-11-01T02:15,11799,13293,9424,14925,12946,9098,12538,11867,11617,13467,15313,9561,9994,12910,14103,7801,0,10464,12579,10030
2021-11-01T02:20,10182,11424,12528,13745,10928,9853,11248,11295,11535,13080,18759,10511,10841,0,14899,8519,12445,9938,15398,9603
2021-11-01T02:25,9976,15850,6667,12185,12139,8813,13351,8255,12356,13201,11602,8702,9778,11642,10668,5057,13354,11242,12412,10832
2021-11-01T02:30,14034,15480,11655,17062,13223,10900,11490,7770,12113,10700,12185,9582,12457,17962,11298,6764,10414,11195,17507,12301
2021-11-01T02:35,0,12612,7983,11764,13515,8689,12690,10003,10762,11323,15402,7288,11828,12220,13374,7396,9807,12249,18434,11512
2021-11-01T02:40,11331,12163,13316,12706,10958,8311,10919,10233,11667,11137,16807,7901,9387,12613,13553,5673,7687,11534,14537,10039
2021-11-01T02:45,11416,13380,7966,13655,14282,8784,10723,11540,12329,15424,17294,10211,8915,13281,14983,10369,7837,9170,13418,9189
2021-11-01T02:50,9604,13837,9093,15768,11194,9473,13466,12571,13471,10066,16781,11629,8339,12411,13230,7927,11782,9793,11582,11056
2021-11-01T02:55,10196,13319,8042,13625,9410,8425,14500,9896,13722,16777,13655,12383,14172,11169,10358,7487,10453,13928,10272,9716
2021-11-01T03:00,11808,11944,9356,14213,13882,9871,12942,9911,11113,11869,16517,11495,13569,11888,13065,7622,8449,12595,14553,9344
2021-11-01T03:05,16355,11485,11404,13918,12381,13428,11542,11044,13541,11341,15611,10219,14458,13932,12178,6614,11400,12745,12212,12077
2021-11-01T03:10,10225,11668,7530,16391,12479,8274,15703,8689,10991,11568,13640,10981,11813,11715,11557,6134,11381,8206,15285,11027
2021-11-01T03:15,9351,10373,9919,14263,15067,11564,13762,13919,12683,12743,14135,9107,8863,13817,10589,11450,8946,9016,12401,9574
2021-11-01T03:20,11162,9869,10662,14832,12229,9645,11380,8765,14488,14670,12817,8531,13660,10688,12091,10535,10731,12217,16367,11861
2021-11-01T03:25,13074,13876,9481,14539,11479,8955,12134,8986,14760,11298,13294,11059,11831,10662,13952,7143,11972,12322,13404,9937
2021-11-01T03:30,13126,14397,9740,17572,14269,8712,14218,10951,11739,12051,14432,9139,10052,12239,14717,6681,10216,9870,15388,0
2021-11-01T03:35,9364,11609,7767,11547,10382,8834,11963,11421,12962,13219,9657,11860,11406,13845,12758,6710,10830,11589,12083,10665
2021-11-01T03:40,13569,14418,11251,12774,11195,12130,12670,9843,9876,14500,12766,8318,10745,13092,11174,9707,13488,10859,14470,12003
2021-11-01T03:45,10303,13013,12006,12636,11736,10006,13027,11488,10056,16055,14519,7711,10538,12473,14396,9704,8616,10030,15223,9407
2021-11-01T03:50,11384,16766,8009,14924,12229,11503,14384,10493,12589,15078,13391,8980,11432,9782,14735,7642,10153,11493,13337,12845
2021-11-01T03:55,11747,13474,9694,11963,14262,10563,15609,12038,13290,12032,16796,9648,10944,14255,14656,8682,9397,9355,12708,8129
2021-11-01T04:00,12615,10941,10188,14132,13271,10993,14605,11310,12609,14214,13712,12364,12840,14674,11509,6646,11195,12327,14539,12027
2021-11-01T04:05,12061,14462,9374,14308,10664,11454,12562,8349,12987,10492,14539,9844,11348,13086,8705,7711,11680,12644,12378,9917
2021-11-01T04:10,12650,13953,10907,13171,11574,10941,16171,10467,11567,0,14929,9451,13696,9525,10905,10321,10029,12502,11961,8356
2021-11-01T04:15,9672,14959,10934,12442,10914,11591,14151,9227,12462,14760,15239,7393,12107,12592,13231,8272,9291,13140,14250,10362
2021-11-01T04:20,10623,14947,11557,11992,12246,12665,11434,11836,15220,14586,13524,8641,11230,12467,12679,7857,8887,10924,14237,9917
2021-11-01T04:25,13674,14653,9820,13519,12851,8122,10706,10842,11266,13112,12314,9486,9677,13046,10948,9063,11948,10704,13346,11060
2021-11-01T04:30,8296,13739,11637,13528,12701,6331,12786,10237,13538,9645,15570,12383,12600,10756,14701,8575,13018,8860,14994,10016
2021-11-01T04:35,14691,10787,8197,13946,11642,9426,13171,10419,13720,10088,15238,11616,13092,14308,14085,8758,8900,11277,13357,8236
2021-11-01T04:40,11775,12250,9859,11468,12092,10988,11857,0,12249,16263,15133,9863,12469,14373,16496,8199,9363,11582,14048,12724
2021-11-01T04:45,12916,11321,10860,12441,15782,9213,11565,11179,13736,16651,15160,8440,9720,13915,12877,8321,10797,9130,11946,9391
2021-11-01T04:50,12240,14724,8920,13321,13011,9752,11697,12469,8917,12238,13952,6900,14559,13270,9657,8880,10685,11253,15100,10324
2021-11-01T04:55,14939,12613,8858,12130,9147,8875,14338,8696,12960,12661,15539,8165,10423,11398,11959,7947,8699,10952,16811,10925
2021-11-01T05:00,11828,13524,8071,14576,17327,12989,11391,9339,14185,15005,17165,9029,11634,13160,13675,6457,8193,13229,14165,12615
2021-11-01T05:05,15321,10443,10848,14404,11735,8598,10280,10797,9310,17364,14048,9445,11901,12775,12223,6722,11769,11324,13634,10495
2021-11-01T05:10,10797,12579,5747,12729,13104,9705,14806,10605,11269,11105,15526,11891,8973,10634,12046,8875,10677,11430,11427,8427
2021-11-01T05:15,10841,12497,7599,10915,14400,10141,11302,12158,10058,11450,13119,9554,11848,10931,11980,8111,9977,9990,12791,8537
2021-11-01T05:20,11561,16054,0,15591,11772,9715,10062,8634,9703,13271,12951,8445,13141,12170,12786,7858,8995,10360,14650,11775
2021-11-01T05:25,12006,17214,5799,12171,13106,8928,14493,0,11991,13272,15162,9690,9716,12291,14607,9750,12647,10058,16079,10339
2021-11-01T05:30,10698,13782,12943,12635,10338,8864,14120,10647,10487,14444,16209,8635,13876,11114,11880,7564,9820,11742,13073,10572
2021-11-01T05:35,12375,14018,8523,13805,14877,9027,11424,11515,10764,14069,16056,7293,11418,11052,12337,7980,10927,12349,12621,9067
2021-11-01T05:40,12326,15225,8780,13162,13902,10963,12315,10053,13843,13489,18234,10799,10937,12559,13860,6733,13127,11377,14319,12259
2021-11-01T05:45,11888,14139,9018,12467,11218,8988,14376,8000,9414,13109,18686,10058,13543,11958,12050,9309,6866,11111,12504,13123
2021-11-01T05:50,11446,11006,11403,10966,11338,10399,12517,12190,12990,13157,12723,10505,13409,11071,11188,9076,10444,10874,16133,12941
2021-11-01T05:55,11230,16794,10848,15648,11756,11287,12235,9010,11197,13506,13285,12122,11673,10981,13274,0,8443,11337,13227,10795
2021-11-01T06:00,10024,14725,9981,14164,10408,10534,15566,11138,7571,13136,13556,13275,12415,10445,14499,7380,10666,11512,12084,9397
2021-11-01T06:05,13586,15492,11600,13839,10934,9177,13252,8901,13841,11813,11891,10505,12726,11201,9799,9003,11362,11516,12462,10615
2021-11-01T06:10,11731,12388,8924,13604,11436,10106,14036,9259,12410,12440,16303,9278,13924,0,13575,9838,10841,10948,13728,7995
2021-11-01T06:15,11967,12632,8310,13126,10632,9993,14193,12771,12497,15726,13945,12389,12274,11599,11696,8903,9909,10401,15201,10438
2021-11-01T06:20,11354,14743,11765,15510,11509,9708,13708,10325,10540,16508,13616,10512,13805,11601,13596,6747,8911,15202,14212,6993
2021-11-01T06:25,10588,13825,10779,11991,14094,8965,15137,7979,13772,12601,13470,9530,11888,12576,13702,8323,8897,11179,12747,12223
2021-11-01T06:30,10787,14734,13015,15325,11977,10921,11856,10398,12829,10343,13533,11390,11541,15568,10193,7828,10725,11224,15272,10016
2021-11-01T06:35,13425,12632,10843,12878,12495,8773,16046,9241,13708,13632,16529,9098,11021,13371,9145,6666,10661,11874,14252,11619
2021-11-01T06:40,12603,12204,8759,12017,12834,10140,11447,10964,13470,14870,14183,10293,10293,0,15162,8486,9741,9521,13354,9711
2021-11-01T06:45,7524,9768,9571,18152,12534,7388,13022,11372,11230,13254,13784,9534,10700,11652,10001,8283,12210,12456,15062,10169
2021-11-01T06:50,12885,15505,8555,12576,13219,9406,13063,10998,12253,11422,16082,9707,10947,12495,13242,8549,9601,8616,13777,9521
2021-11-01T06:55,10630,14227,7620,16600,9574,9668,15809,11065,10615,15180,13813,9127,11139,12373,12374,9070,11560,11316,14770,13091
2021-11-01T07:00,10498,14079,10613,11848,12994,10513,14032,9033,10747,11984,12798,11041,10140,13173,13593,7564,10954,10246,14921,9739
2021-11-01T07:05,14251,13019,10330,13983,12560,9903,12581,9315,10916,14975,13194,8990,10872,13186,11866,7669,9104,12585,16251,12623
2021-11-01T07:10,11187,13188,10147,13480,12309,9974,14631,9074,10980,13575,15809,12538,13399,11893,13494,9689,10998,11091,13189,9862
2021-11-01T07:15,11767,11454,9611,10947,12650,7198,16092,9875,13599,15653,12842,9741,14563,13330,12010,11328,12251,13701,13361,10280
2021-11-01T07:20,9263,12701,11888,13623,11428,9188,13616,9290,11511,10569,13516,12410,9988,10482,12229,7103,9801,11732,15314,9756
2021-11-01T07:25,11445,12093,10572,13931,9933,8352,15184,10751,10453,12597,16055,9814,13174,13002,12584,11111,8597,13538,13574,12838
2021-11-01T07:30,13014,15311,6550,14119,12901,10216,10317,10274,16120,13393,15451,10322,9486,13312,13041,8892,14174,11852,16039,10389
2021-11-01T07:35,9386,12203,12438,14339,11574,10973,16582,11367,11904,11256,13992,9511,11310,10926,9596,9798,10097,10431,9897,9459
2021-11-01T07:40,9844,15783,8666,15738,11867,10273,11868,8962,15724,14259,14394,11020,14393,10581,13188,6542,6960,9749,16438,9501
2021-11-01T07:45,12525,13330,9391,16590,15992,9541,14796,10350,11911,9301,17108,9977,11503,10176,10870,7787,10431,14169,15239,9346
2021-11-01T07:50,10321,13526,10787,16592,11071,10527,13904,10762,13379,13851,14324,11462,10625,12480,16421,8267,9324,9479,18468,9169
2021-11-01T07:55,11842,12291,8192,17884,13324,9821,12302,11054,9796,12828,15475,9616,12269,13822,10611,6192,8172,13114,13584,10918
2021-11-01T08:00,10917,12378,9576,15247,11811,11029,14058,13956,15622,10300,17282,9791,10978,10002,10525,6827,10213,10166,14251,10058
2021-11-01T08:05,0,12311,6684,11440,9610,11881,10143,12029,9653,10113,13863,9329,10004,14235,15330,7549,10421,9476,13178,10560
2021-11-01T08:10,12812,12537,9139,15106,11032,10404,13539,7642,0,13168,16179,9970,12568,11268,13886,7069,10629,10129,13415,11169
2021-11-01T08:15,11987,14291,10170,12594,11208,10828,11980,9424,13224,12618,13931,8845,14933,13564,11791,7264,9936,12385,0,10479
2021-11-01T08:20,12425,10848,8755,16186,11904,11888,13944,8628,10818,12660,14016,8605,9819,12770,13277,8393,10647,9544,13411,10180
2021-11-01T08:25,11504,13825,6000,15818,16924,11312,11962,7833,12770,10934,11730,10972,10605,14922,10745,9840,10249,11966,14745,11204
2021-11-01T08:30,10463,8887,9555,14334,11829,10294,12226,10725,12168,15275,14381,8764,9236,10802,0,8319,10852,10360,15693,12056
2021-11-01T08:35,10880,13734,7114,0,13478,8858,11776,9817,12521,16504,13025,11060,11555,11307,12210,4730,11049,15948,15616,12157
2021-11-01T08:40,11252,13870,14048,14242,12374,11201,12308,12303,11525,13206,15950,10384,9520,11514,15512,6497,12256,11226,12870,9751
2021-11-01T08:45,10965,14138,9711,13885,8053,9854,13084,9155,11790,14492,14840,12354,13461,15368,9552,7560,8723,8003,16075,9140
2021-11-01T08:50,10970,11306,10575,11536,8923,10664,12349,10474,10433,17825,15011,7101,9723,14728,12171,10844,7716,10788,12840,13266
2021-11-01T08:55,9582,14697,9996,16940,12205,6643,12156,10337,10955,13900,16687,7200,10198,7757,11073,9087,7964,9276,12122,10990
2021-11-01T09:00,11519,13132,11690,15036,11895,9628,11490,12913,10214,13009,15811,10974,11488,10022,12985,7885,10358,13225,15566,10271
2021-11-01T09:05,9334,13849,12397,12383,13327,12951,11879,6969,15695,14311,14493,8951,11832,11693,10981,9272,9483,9898,14346,7243
2021-11-01T09:10,12125,13766,9639,12438,11496,10770,13722,9334,11934,13388,16714,12013,14458,12855,9792,9587,10958,9025,11512,8399
2021-11-01T09:15,15030,13621,10119,17869,11839,9511,11404,11828,11561,13819,16533,9785,12211,11192,15643,5504,10275,12251,12923,11877
2021-11-01T09:20,10698,12984,13442,12054,12052,10905,11992,9116,10877,15395,16578,8101,7914,11872,10632,8080,9731,13821,15257,9806
2021-11-01T09:25,10433,12286,10724,11500,12349,13300,11875,11000,13381,12198,15637,8818,11592,11747,11180,7763,7888,10175,16359,10153
2021-11-01T09:30,12536,13881,9011,12591,11064,9896,11585,12225,12103,15964,12244,8444,10715,15214,13290,6885,9787,12507,15262,12435
2021-11-01T09:35,12062,14825,11937,13840,15363,9767,14274,9923,12429,13977,13383,9712,10799,11986,11046,9250,11563,11740,15504,11126
2021-11-01T09:40,12880,9980,11433,15480,10675,9706,13776,13723,13160,11555,14821,8532,10701,13476,14303,10537,10945,11870,16687,9676
2021-11-01T09:45,13688,15793,8965,12780,10243,9975,13173,9027,10846,9119,14450,9142,14265,14130,10120,4933,10933,12910,11906,0
2021-11-01T09:50,11608,15972,9605,13761,13734,8248,13013,9939,11879,13068,12157,10225,11431,11150,10680,6391,12111,10280,14547,11464
2021-11-01T09:55,9813,11293,8032,11011,11917,11637,11543,11969,12324,11744,11221,9112,13978,10576,12630,7996,9103,0,13061,9532
2021-11-01T10:00,11507,14556,7714,15825,10878,8665,12285,9796,9704,12661,12719,11512,10308,12488,15388,6523,10454,9865,18674,12483
2021-11-01T10:05,10333,12638,10918,11957,14586,9970,12732,8911,12280,10815,15903,9340,7364,13359,12779,10448,10811,13563,12799,10610
2021-11-01T10:10,9982,10025,9467,15092,13689,9777,13300,10782,14366,13080,16020,11096,12168,15277,12763,8561,11381,13716,13395,9095
2021-11-01T10:15,10578,13511,8976,14683,14951,11221,15496,0,12016,14412,17030,9725,9749,14274,13104,6154,9521,9580,13786,11856
2021-11-01T10:20,11126,12057,9461,13620,13193,8444,10108,8060,12401,14136,13500,7946,12558,12698,12571,9451,9023,14051,17063,11196
2021-11-01T10:25,14067,14914,8546,14282,10238,8168,11721,8593,9144,12337,15777,8787,10454,12128,9451,7430,11003,12064,11549,7395
2021-11-01T10:30,10322,13219,7179,13536,12891,8364,15079,9003,10465,12667,15824,10400,12892,13247,10045,8758,9311,11560,12647,9364
2021-11-01T10:35,10943,12400,6285,12541,14728,8744,12595,12246,15286,12580,13573,6230,15185,8291,14600,7479,8297,13751,13359,9653
2021-11-01T10:40,10139,14242,9052,14066,9453,10083,13414,10604,14186,15587,14499,10758,10735,11879,9146,7817,11684,10137,14353,9714
2021-11-01T10:45,12357,13255,10397,15525,10332,7767,14893,9648,14729,14367,13134,11277,12168,11125,0,9228,12348,13827,11872,11625
2021-11-01T10:50,12315,13178,10864,11657,11414,10147,14541,11388,13677,13230,16418,8374,11233,12401,11704,8408,10230,11409,11810,8761
2021-11-01T10:55,11906,13358,11967,11538,9340,8468,13679,10693,11274,11880,15912,11387,10274,12625,11315,8863,9798,10382,15531,8970
2021-11-01T11:00,11698,12117,10916,11419,16312,10122,14870,11002,11167,13092,15522,8408,12104,12799,11627,9823,8503,14480,14158,14486
2021-11-01T11:05,13260,15940,10887,12025,12391,11081,13988,9754,10267,14450,13253,10027,10472,10708,11495,6471,11377,12979,13302,9127
2021-11-01T11:10,14157,15405,9570,12121,11989,12073,11089,11106,13483,14493,16437,11132,10320,9371,13052,6818,12069,12258,13458,9960
2021-11-01T11:15,8992,14089,9646,12048,12430,11675,12639,10078,12000,14428,14695,10054,10953,11872,12143,9287,11942,11131,11884,11518
2021-11-01T11:20,12876,16017,9413,10916,12598,11628,11858,10184,13006,12895,15420,10583,13388,11359,0,8375,8035,11480,15322,12316
2021-11-01T11:25,14619,13537,8118,15725,11694,9593,9497,10553,9124,12916,12363,10634,11701,10042,13429,8571,11691,13807,13988,13070
2021-11-01T11:30,12591,12116,10473,13565,14018,9042,12981,10988,12211,12404,14256,9120,11248,11343,12608,10577,10690,12175,13737,9068
2021-11-01T11:35,9357,13010,9134,12429,10253,9729,12433,9323,10459,11326,15347,10060,9398,12439,13241,7400,10594,11760,14881,11716
2021-11-01T11:40,11635,14280,8503,13567,11940,7723,10813,8924,12672,14535,14398,8989,12912,9979,13680,7039,9707,13206,14301,10309
2021-11-01T11:45,11004,14767,8581,14746,8962,10282,13679,9900,10765,16014,11792,12287,11902,12268,11967,8954,9441,10458,12425,11338
2021-11-01T11:50,12877,11884,7596,0,12726,8531,12552,10184,9755,12993,13425,10374,10439,12850,13013,7216,12420,10729,12814,11236
2021-11-01T11:55,10972,14216,12067,14543,15591,0,12411,10077,14212,16595,15637,11067,13075,12178,12353,6211,9803,10981,14674,11409
2021-11-01T12:00,11587,10880,8608,12143,8574,7226,13281,10516,13697,12403,15065,8151,9615,9401,13023,6139,7703,10106,11409,10587
2021-11-01T12:05,13132,15096,11572,14115,13784,10840,15154,9623,9707,13995,12505,10236,11830,9294,11651,9042,8692,10699,14279,11913
2021-11-01T12:10,12219,12994,11482,14569,11213,9060,13063,9400,12777,13428,14792,11509,9285,10740,11290,0,11262,10590,15248,12721
2021-11-01T12:15,10568,15432,9227,16802,14109,12174,13778,11810,13572,13642,14593,10457,12973,14196,13894,6214,7851,10290,16233,11531
2021-11-01T12:20,11849,13905,8795,12726,10885,12863,10743,9820,9324,14250,14091,9811,10438,9859,13300,8811,12646,12659,13490,11474
2021-11-01T12:25,13507,14372,10940,15856,14107,8981,14409,13401,13790,12610,11054,11087,9875,13045,13281,6794,9465,13022,14788,9512
2021-11-01T12:30,10574,11038,8906,14552,13546,11635,12879,11310,14595,11532,14056,11348,11318,10018,11198,7622,12020,10692,13283,9312
2021-11-01T12:35,9507,12961,10853,17116,11865,9041,14701,10141,13526,14191,18025,9934,10244,14331,11136,9005,11977,12607,0,10331
2021-11-01T12:40,11353,14756,9305,14031,11580,8425,10280,9866,12297,14884,12192,9996,9980,12558,12007,8382,11332,12099,12960,9610
2021-11-01T12:45,11111,13835,9102,13287,13165,9389,11987,10986,12650,15965,17054,7380,11665,11239,13077,7596,11487,13395,12554,9232
2021-11-01T12:50,10861,11160,9683,15593,14625,8725,14327,9488,11684,13743,12364,13233,11338,11344,12035,7239,11308,11871,15792,9456
2021-11-01T12:55,14506,16039,10948,11444,13385,8514,10308,9858,15710,12407,10643,11094,10238,12911,15780,7104,10787,13590,12801,10269
2021-11-01T13:00,11921,15289,8822,13138,11578,9480,14989,8532,14371,14467,13290,10604,12564,15310,11927,8208,8295,10183,14493,9751
2021-11-01T13:05,10782,13751,11006,16216,11030,8037,14819,10948,10306,12551,14604,8638,13760,12772,13309,7446,9439,13351,17929,13097
2021-11-01T13:10,12472,14708,7804,14235,13354,0,15845,10196,12859,15718,16178,8481,12870,11781,11986,9803,11722,13047,14639,10061
2021-11-01T13:15,9015,9523,10275,14968,11296,8679,12213,8992,12398,15085,15916,11432,10287,13136,13253,6649,9938,13559,13270,9386
2021-11-01T13:20,11133,11822,8239,13468,11220,9663,13689,11065,9716,15184,13736,8206,13191,10433,15264,7111,10018,13744,13231,13111
2021-11-01T13:25,11662,12030,9396,16055,11357,9065,10453,9468,16348,10783,14777,11464,9263,11036,14648,8568,10454,11429,14850,11534
2021-11-01T13:30,12608,14554,9167,12801,9834,9086,13115,9410,12248,13090,18000,11121,9277,15563,11620,8179,8610,14106,14756,7604
2021-11-01T13:35,8420,12935,9789,14401,12302,10236,13191,12601,11310,12472,12389,8833,12512,12884,12695,9037,9127,10757,15244,10968
2021-11-01T13:40,11480,12064,9576,14864,8363,9021,14491,10969,8559,16062,13539,10338,13927,9629,13271,6328,12712,11933,13784,11052
2021-11-01T13:45,13816,15551,9755,13930,10510,9781,11622,13155,10282,13965,13584,9871,10381,11107,11920,7356,12930,12027,15008,10706
2021-11-01T13:50,9792,15275,7928,16348,13966,13438,12910,8187,12572,12939,15994,12898,9833,14049,12027,7571,13155,10042,15180,12088
2021-11-01T13:55,13089,15312,10986,16411,11445,9349,14022,13823,13001,13787,13855,8935,14389,14886,10007,7815,10392,10825,15224,9817
2021-11-01T14:00,10520,16539,9831,11773,11287,8941,13855,8096,13732,16243,15487,9546,13850,12274,11209,5865,10050,13425,14832,10379
2021-11-01T14:05,11242,17014,9196,12613,11757,8811,14912,11691,13446,15676,11539,10516,9954,9572,12751,5564,8801,11477,14276,12012
2021-11-01T14:10,12016,14596,11154,12006,14231,11409,13400,10469,12053,14235,15272,6938,12005,12183,14850,6877,10994,10211,14269,9973
2021-11-01T14:15,11284,17055,8545,12910,11657,8807,13185,8969,12697,14797,13326,9035,12766,11272,12723,7822,9503,12730,14925,10957
2021-11-01T14:20,14324,14672,10668,13838,11922,11659,11394,6771,11250,13919,11298,9514,11970,12471,13678,7288,11220,11388,11227,12095
2021-11-01T14:25,9789,13910,9755,14067,12417,12794,14607,12522,13326,11183,13025,10031,12406,12714,14199,8390,10418,11818,16243,8242
2021-11-01T14:30,9464,13609,10080,10102,10506,9234,13202,11649,11753,11154,16961,8626,14173,11342,10998,10430,12389,10480,14019,8909
2021-11-01T14:35,11080,9741,8552,12202,13185,10509,14667,9560,11868,12951,16160,9175,10994,11474,14003,8920,10047,12633,15276,12742
2021-11-01T14:40,11593,13758,9241,14400,11046,9043,12510,10895,13265,16388,13087,8015,8973,11150,13117,5789,11141,10940,15716,9837
2021-11-01T14:45,10447,12920,10965,12641,12268,11073,13406,11629,12385,13034,14623,10887,12642,11347,11996,7750,9177,13813,13188,7247
2021-11-01T14:50,9354,14860,9160,14266,14109,10481,11836,11677,11537,14322,16717,9966,12109,0,10792,7443,10970,12079,16767,12241
2021-11-01T14:55,11221,7851,9948,12608,12835,11111,14597,11188,12913,14669,12937,9637,7964,12365,13184,9389,9097,10325,14919,10525
2021-11-01T15:00,11209,13700,8806,14705,15284,8479,14889,9939,13313,15506,14620,9644,11991,10485,15206,8573,11514,13501,14469,10836
2021-11-01T15:05,9686,10446,7827,14880,15289,10852,15949,10681,12872,14605,16769,11537,11508,11881,15207,7411,7004,10612,15670,9382
2021-11-01T15:10,11121,13362,8966,14541,12843,8443,13841,9763,10283,12101,14176,10260,10186,11080,13230,10435,10157,11990,16876,9893
2021-11-01T15:15,14455,14208,9904,11347,11882,10813,14111,11208,11490,12198,15790,10363,12972,15692,14552,8695,12064,12866,13951,7661
2021-11-01T15:20,12238,13845,9337,16011,12895,10655,16370,11598,14479,15360,13083,8371,9083,14907,12561,7092,8162,11260,16079,11867
2021-11-01T15:25,12974,13149,10272,14106,12375,10354,11604,9815,10170,9495,14204,7726,10663,14162,13556,6233,11512,11074,12535,11712
2021-11-01T15:30,10364,13027,8492,11819,13473,7860,12675,10561,12811,14505,18096,10066,9783,12908,10803,6934,11673,10535,13807,10762
2021-11-01T15:35,11244,11844,9017,16301,11200,10661,10459,10706,13017,12910,13641,9346,9858,0,15045,10555,12140,10263,14568,12010
2021-11-01T15:40,9980,15987,7818,15599,10221,9058,14669,11518,8355,14400,16751,12074,15324,10261,11160,7651,7893,13294,14217,8886
2021-11-01T15:45,10280,17445,7222,14271,11255,11043,15195,11321,10028,11417,14188,11008,10205,12534,12464,4684,9312,11723,15433,12160
2021-11-01T15:50,12095,11829,10084,12850,10483,8264,13204,10269,10765,9967,14294,8896,10432,14265,12366,5045,9044,9777,14336,10252
2021-11-01T15:55,10240,15594,8505,11023,10217,7746,16044,10421,10036,14225,13899,10425,9535,12078,11299,6362,11274,10742,15044,10733
2021-11-01T16:00,10845,13647,10752,13247,12889,9624,14138,8788,10815,17122,16823,9122,12024,10476,12853,6826,10699,13372,17899,12355
2021-11-01T16:05,10390,13902,9992,9930,10292,10892,15060,10727,11041,17180,12737,11564,12958,13346,13599,8947,7782,12466,13184,9785
2021-11-01T16:10,8704,14225,8959,12798,10812,9077,14499,10581,13088,12548,15965,10292,14434,14918,13046,9599,12950,11434,18559,11638
2021-11-01T16:15,11426,14791,10809,15149,10593,12376,15453,9119,9071,14156,18835,11880,12211,11007,7463,8559,12242,8168,15737,9746
2021-11-01T16:20,12415,13195,10515,12907,10830,8461,11077,10597,10659,13819,14008,11808,11778,13222,11873,6919,12199,14265,13224,8587
2021-11-01T16:25,12078,13401,9107,10409,11022,7809,13812,11145,12616,12257,14901,9112,0,11550,15282,5636,12946,11277,15810,12805
2021-11-01T16:30,11330,15207,8905,13315,14912,10671,12936,12166,11792,10746,13782,7017,10849,10250,13420,6086,8843,7641,14571,11674
2021-11-01T16:35,11052,14590,9342,15125,10846,10814,12325,10262,9203,14081,14390,11764,9106,13539,12234,7683,10424,15116,18187,6794
2021-11-01T16:40,14401,14066,11719,13147,11941,11243,11304,10243,10651,9994,16110,8013,14185,13699,13011,10459,12351,8871,10654,10817
2021-11-01T16:45,13010,12862,7628,16077,12706,11253,13001,12204,10563,14867,13730,10666,11843,12109,12784,8140,10733,14064,13032,9792
2021-11-01T16:50,13005,14330,10627,13651,13613,9320,14921,10869,10871,14011,16261,9743,8477,15706,15995,6795,8866,10772,13517,10550
2021-11-01T16:55,11572,12552,11407,14695,10399,7404,13556,11169,11658,14427,14432,10277,13720,12320,11223,9031,9541,12600,14398,13431
2021-11-01T17:00,10907,10890,14612,15631,13762,12357,10762,9011,10962,12960,14761,8120,9530,12149,10603,6860,9149,14431,12923,8937
2021-11-01T17:05,11563,13241,8101,14556,13670,8536,11172,14052,10063,14782,13601,8330,9526,12044,14813,7500,11793,11132,12933,11641
2021-11-01T17:10,12591,14157,10453,12655,14924,10557,15857,12023,14146,14403,15071,10738,15366,13109,11121,6163,10699,11593,16054,11219
2021-11-01T17:15,11030,13847,8574,13103,10859,10763,12071,10343,11162,14024,13377,8233,13483,12335,13636,5126,11639,10390,14520,12746
2021-11-01T17:20,9047,12158,8611,12605,10364,7724,14780,9359,11257,12750,11427,10576,8158,11649,13459,9084,11163,13445,14249,11000
2021-11-01T17:25,9882,11618,10171,15366,10777,9127,10709,8969,13537,12144,13510,7515,11486,10958,13955,9163,10789,10864,13917,8953
2021-11-01T17:30,10799,14974,10938,14122,12326,8725,11629,9005,12011,14107,13138,11018,11716,12831,13525,11545,8116,13956,11660,8781
2021-11-01T17:35,12026,14801,8705,13540,11421,10238,14990,9391,11020,17652,13774,11568,12610,13685,13005,8023,11469,14084,15960,9447
2021-11-01T17:40,10474,14511,8031,14489,13629,11808,12962,9164,11791,12950,14781,10788,12759,10214,15036,6735,7650,11091,14294,8806
2021-11-01T17:45,12411,15141,8707,14951,11939,10287,16193,12231,13091,15402,13602,12224,11545,14690,13026,7532,13106,11689,13788,8243
2021-11-01T17:50,11251,13786,9783,14132,12469,11006,12714,15194,10116,13624,13590,8253,11021,11838,12598,7975,8454,0,12399,10236
2021-11-01T17:55,15028,11127,8347,13296,13500,11541,13151,9033,15858,11050,14882,11396,10922,10751,13482,7851,11863,11317,13110,10004
2021-11-01T18:00,11963,14766,8316,14516,11233,9249,13080,10103,12447,12646,16105,10348,9396,10888,14378,7255,11715,11455,15244,9649
2021-11-01T18:05,11615,11787,10971,13803,14143,10044,15622,9545,11345,14629,16205,11725,10672,11872,11564,8909,11961,11421,17243,9206
2021-11-01T18:10,13054,11959,7800,12943,13347,9782,12330,13153,12456,11864,11511,9037,11319,13621,12670,8960,10440,13177,16433,10048
2021-11-01T18:15,9399,13368,8315,13400,9146,9473,11274,10609,12669,15397,14784,10073,11115,12083,11642,7190,11136,9577,12470,12812
2021-11-01T18:20,10706,13522,9566,14966,12609,10746,13023,10057,11735,13230,13058,10623,10015,12314,12792,9267,7461,14705,14691,11578
2021-11-01T18:25,10642,10540,10421,15791,11626,8061,10734,11482,10628,11708,11935,0,11821,10791,12188,9265,10538,11140,14958,10438
2021-11-01T18:30,11182,12115,8967,12033,11519,9900,10657,8012,10735,10353,15896,12043,7990,10661,13183,7139,8735,12530,14798,9977
2021-11-01T18:35,11665,15044,8815,11706,13180,9722,16329,9478,12102,13191,13580,10474,11645,12001,14064,8606,12002,13428,13061,11406
2021-11-01T18:40,11086,10902,8022,13686,10157,11647,15835,10838,11228,15484,14200,7924,9483,14626,12255,8016,10681,13346,13235,10555
2021-11-01T18:45,11490,0,9200,13161,9401,10285,12896,10571,14783,0,14866,9071,12741,10791,10587,8777,8143,11193,13355,13089
2021-11-01T18:50,11828,14925,7092,15151,14364,11437,14783,7850,10205,11451,16700,11158,10561,9702,13682,7239,10581,0,14200,12139
2021-11-01T18:55,12774,14429,9358,16206,13164,11901,12737,10427,11691,12836,11332,10258,9993,13462,14037,8184,8196,7302,13581,12385
2021-11-01T19:00,10955,16753,11453,14563,12976,11168,11973,12660,11902,15022,13806,10081,11926,11179,15675,7992,11101,11806,14079,12601
2021-11-01T19:05,8971,17616,10776,13414,12658,9784,12125,11779,11236,13480,13840,12205,11778,13960,13284,8267,8599,10967,13424,14312
2021-11-01T19:10,9538,12008,8015,16951,10286,7820,13964,10355,0,10549,14456,9809,11190,14027,11674,9797,10321,12228,15743,9304
2021-11-01T19:15,8989,15329,10023,15188,10971,8831,12801,9737,13375,14493,11907,11866,9222,11739,8995,9520,11098,11098,13368,13534
2021-11-01T19:20,12784,14548,7536,12311,11654,9613,12608,13016,11316,11188,14896,9373,14459,10667,11858,6206,10799,12302,14378,12585
2021-11-01T19:25,10380,12449,11402,10553,12143,9194,14503,11018,10870,14752,14053,11266,12214,11073,14183,7730,12726,12459,12934,11740
2021-11-01T19:30,13433,16135,8783,15910,11817,10014,12460,10706,11116,15783,13813,9644,11107,11838,12186,7470,8701,10078,13323,9164
2021-11-01T19:35,11879,12679,9389,13347,11561,12344,12656,10543,12411,13396,16000,10944,13446,11834,10770,5336,10695,10185,13252,9073
2021-11-01T19:40,13582,18321,7544,14196,10206,8130,14156,11231,14227,14214,14161,11202,10346,13297,13205,7517,9458,9769,13219,11524
2021-11-01T19:45,12002,16237,8651,10311,13933,9742,12701,9518,15401,15455,14129,8792,13264,12812,13474,9342,9789,11182,14609,11104
2021-11-01T19:50,12469,15965,8605,15453,9944,8834,14064,9349,10762,14821,13998,9493,7382,14240,13338,5689,9894,9501,12957,11682
2021-11-01T19:55,12114,13803,8412,17495,13612,8434,16011,9510,14543,15053,14493,9196,12097,9935,13934,7069,8258,11249,11038,11767
2021-11-01T20:00,10722,12024,10253,13808,15379,8985,12577,11448,13216,13162,13621,10448,13076,11956,9686,9108,11032,8647,15373,10180
2021-11-01T20:05,14792,15235,10616,12556,9690,11400,16385,10202,12539,11791,13473,9628,0,12760,12872,8187,9182,10754,14785,12334
2021-11-01T20:10,12169,11837,12645,14033,12818,8088,11521,8874,12203,14021,14864,10002,12689,13807,15804,7128,10896,10764,14041,9489
2021-11-01T20:15,8514,13254,7221,14118,12320,8156,12392,10880,12087,14555,13289,10873,12402,9655,13751,8267,9473,13474,14903,12405
2021-11-01T20:20,9098,12835,10815,14136,11892,8214,15025,10194,11673,13028,14363,11437,9821,11999,12127,7922,8670,8569,14945,10154
2021-11-01T20:25,12914,13985,9843,13070,7761,8125,15036,10154,12036,13380,16582,9359,13787,11035,13065,8088,7277,11848,14644,9838
2021-11-01T20:30,13704,11953,9363,14643,12221,10325,12548,11068,12659,12866,15727,10496,12513,12414,14341,6250,7763,12096,17012,11024
2021-11-01T20:35,11047,10271,9883,13609,14524,10474,13864,11956,9972,11969,15380,10566,14031,12400,12235,7544,8827,12577,14866,11164
2021-11-01T20:40,11078,16048,9922,16769,13987,9622,12827,7699,11071,16062,16799,10426,12836,12635,10293,8392,10316,11612,15361,13750
2021-11-01T20:45,10074,11370,8817,15270,10984,7478,14595,10197,10605,0,14939,10720,12933,11546,14764,7551,10625,11551,10701,7430
2021-11-01T20:50,13267,12808,9205,14449,15013,10025,13520,12236,12003,14441,12367,12013,12774,10511,13674,8296,11127,9840,12947,10803
2021-11-01T20:55,12413,11493,9882,12547,9237,9931,12737,11218,12726,14824,15844,10052,10801,13856,11624,8860,10886,14474,10462,8350
2021-11-01T21:00,11676,15403,11577,14518,13080,8691,16454,12537,10955,12518,14021,11563,9298,12208,11495,7219,12027,10808,13182,6180
2021-11-01T21:05,8559,10686,8976,14837,14098,9270,15136,10231,14554,12307,15147,8458,9070,11955,10326,5972,9952,13909,14041,9656
2021-11-01T21:10,11597,13517,8851,11638,13373,8409,14548,10886,10283,15369,16110,10323,10817,13110,10649,10718,10989,10955,14921,11948
2021-11-01T21:15,14518,11672,10245,13167,10626,9873,12909,0,13987,11404,11864,11447,10546,10740,13204,7010,11161,10523,0,9936
2021-11-01T21:20,12080,14192,9161,13607,12523,7740,14046,10280,10904,14419,13543,10670,10384,10890,12086,6928,7956,10066,18023,10337
2021-11-01T21:25,14175,10810,12175,16164,11349,9271,10375,9208,14198,12947,13788,8715,13497,14762,12960,8631,12790,9688,11736,14392
2021-11-01T21:30,12119,15156,10570,9697,13883,11726,11075,10816,11051,15872,14827,11362,9189,10058,13188,6568,10164,12610,17123,10625
2021-11-01T21:35,9579,14877,10181,14829,10412,11154,12551,13510,11142,12559,11995,10319,12346,11680,16257,7838,10125,10417,13883,10531
2021-11-01T21:40,9702,0,11103,13621,12008,10181,13786,9549,12054,13337,12606,12905,11789,11508,14192,8358,8628,9419,14616,13627
2021-11-01T21:45,11456,14195,9066,16819,14484,15359,13858,14350,13527,11791,15563,9718,11024,11801,11417,6384,10271,12517,15353,11400
2021-11-01T21:50,12090,12468,7808,10606,11223,9081,12844,11452,13645,14510,15356,10195,12123,16852,10814,8087,9876,12079,14872,12546
2021-11-01T21:55,12976,13569,8398,13644,10878,7885,12837,8965,11015,8123,15242,11542,11727,12377,10561,8177,10483,13256,15826,9522
2021-11-01T22:00,10816,0,9483,16878,13282,9419,13416,13649,12429,12343,14046,9579,7510,13065,13886,7606,10500,9527,15959,8302
2021-11-01T22:05,14017,13723,8240,14070,9922,9060,13183,9728,13717,12835,17540,8595,9574,11785,13254,7033,8515,13385,16530,10117
2021-11-01T22:10,10925,0,9874,11454,10129,10104,13079,10096,14586,13719,11044,10296,11669,9575,12283,9410,8547,13871,15375,9971
2021-11-01T22:15,10440,15292,8161,13637,10542,11310,7844,9543,11864,14491,12253,8397,11507,14037,11488,7750,13712,10024,14226,8389
2021-11-01T22:20,10564,16186,9408,15153,10723,6785,13440,11809,9340,12324,16284,9138,12262,10701,10327,8769,11602,10947,16730,10756
2021-11-01T22:25,10120,17800,10668,11391,9015,10159,11437,9720,9539,15884,12948,7922,12580,16228,13348,8049,10939,9634,16323,11233
2021-11-01T22:30,12271,11013,10280,16288,12486,10495,9767,10731,10880,14319,15647,9647,8596,13585,11990,5739,12634,12441,11861,10988
2021-11-01T22:35,8639,11607,9287,13647,10124,8993,11984,11552,10696,12585,15144,9815,10641,12864,10591,6374,12573,11590,11510,11433
2021-11-01T22:40,10581,11510,9479,15930,12529,10049,14883,8253,10070,13294,15734,11208,11172,12759,14308,7941,9257,10720,15580,10385
2021-11-01T22:45,14909,11780,9410,14773,12501,9910,11549,9920,15428,13147,16007,8505,12852,13790,11967,6829,12071,11497,11614,11627
2021-11-01T22:50,11563,14188,0,11403,9460,11162,12710,10304,11347,10459,18247,7929,11583,10112,12327,7234,8983,13458,11736,11280
2021-11-01T22:55,0,14231,9777,0,12850,10977,14605,9617,11217,12366,14596,10716,11278,11831,11883,7619,9621,13811,13367,7574
2021-11-01T23:00,10954,14107,9965,12845,13705,10289,12596,10722,12593,12420,14358,7955,12166,11669,11679,8769,9105,13905,14705,11121
2021-11-01T23:05,11437,12416,8100,14484,12537,9778,11982,12414,12385,16069,14999,10317,11925,11180,12101,9355,9449,11667,12993,11214
2021-11-01T23:10,8670,12729,11237,13292,11600,9070,11682,9759,11386,10941,18091,10431,8271,13488,13370,8009,9217,13225,13742,8575
2021-11-01T23:15,12097,15489,11723,12975,12936,10800,11771,11761,12997,11849,13340,9561,10022,9881,10585,7361,11270,9718,11494,9973
2021-11-01T23:20,12689,12890,9689,16997,14240,10057,13656,9273,10043,11615,15305,8925,12403,12079,11986,8132,9729,12053,11593,10437
2021-11-01T23:25,13014,12586,9801,15166,16922,8701,8463,9971,12404,12198,13969,11768,11036,11184,15129,7496,8009,11173,15179,8110
2021-11-01T23:30,11800,11775,8670,17372,14769,9549,0,12096,9762,10150,16383,10336,10569,0,16604,6973,9931,12030,15161,10648
2021-11-01T23:35,12733,15406,9424,13952,14193,8527,13986,10664,12276,10439,16723,10006,12385,10168,14611,8703,9941,11669,17226,11053
2021-11-01T23:40,13928,12288,11512,13141,11396,12015,10655,8368,13102,13964,13000,10757,13800,10252,13325,9591,9386,11721,11385,11978
2021-11-01T23:45,12508,10150,12053,13393,14869,9708,15705,12155,12511,14836,12897,9746,9322,13538,11493,10031,7687,10177,14631,10280
2021-11-01T23:50,11445,11199,11917,15335,12522,9262,14864,11220,14922,15676,18861,8895,9250,13931,16183,6388,9815,12163,14638,12648
2021-11-01T23:55,9155,14081,10390,14250,12100,11883,12809,10306,14063,15869,16247,9895,15359,11986,12128,6932,10413,12333,13200,10287
2021-11-02T00:00,10469,11220,10299,14333,14178,8625,10798,10165,9720,13734,13164,9072,11429,13271,15489,7470,11449,10381,13100,10306
2021-11-02T00:05,12677,13972,8382,15849,14410,10060,16437,0,9573,13393,10659,13099,10768,9831,11440,8532,9681,9624,16241,9568
2021-11-02T00:10,10029,15306,7712,18692,13400,9259,13724,11644,10149,13392,14269,9587,11124,9593,12355,6683,6967,9314,14469,10998
2021-11-02T00:15,10420,14136,10926,14518,10099,10255,14225,9380,10813,16123,16007,11170,14227,10671,13207,7409,11032,10381,17182,10142
2021-11-02T00:20,10968,12364,9490,14884,12632,9953,12333,8033,13956,14204,15950,10381,8472,13710,10398,7066,10325,12668,13965,10561
2021-11-02T00:25,12214,12480,10042,14767,12085,11681,12059,13146,12145,10838,12903,11250,13052,12378,12763,7743,10977,10202,14582,11363
2021-11-02T00:30,12964,12139,8531,15598,12726,11643,13036,10953,11847,10522,13716,9070,10447,11244,12232,8053,8884,0,11586,12419
2021-11-02T00:35,11632,15458,8778,12721,10711,11403,12581,11788,13594,14411,15270,7747,13101,10018,13723,8392,12017,11313,15454,9214
2021-11-02T00:40,11783,14862,8842,12174,11996,8173,11732,11232,13237,13291,14411,10463,10441,14013,13655,7208,12819,11262,12029,8556
2021-11-02T00:45,11564,16224,7285,12771,13970,13426,11638,10835,11290,12900,14138,12354,12428,12977,13971,6510,9724,12611,12555,11097
2021-11-02T00:50,12489,16035,9341,15271,9982,9857,10883,8053,10459,11987,13511,7897,9669,13506,12308,7907,8608,11864,16179,11161
2021-11-02T00:55,12161,13609,11500,13025,13780,9574,14653,8825,13370,14015,16171,11407,14347,9377,10689,6778,12730,12115,13223,7338
2021-11-02T01:00,11686,14816,7760,13406,8813,11343,12999,8541,9078,11855,14131,9023,8693,11697,12825,6203,9897,10247,18369,11428
2021-11-02T01:05,8174,14134,10808,12654,9000,10169,16556,13374,14007,14115,15890,11309,12788,12653,0,4987,10207,9982,13681,10004
2021-11-02T01:10,12824,16690,10683,13815,10164,8590,12110,9841,11183,12974,16339,12887,10768,13658,13143,6491,8127,11729,13122,9260
2021-11-02T01:15,11681,16284,11124,15786,12082,13524,13835,9800,12559,14832,17846,10054,11378,13453,10722,9667,12450,11521,14641,11284
2021-11-02T01:20,0,13305,7463,15983,11756,8193,11343,13962,12538,16067,9581,10804,7336,12348,12295,7538,10354,12098,14463,11794
2021-11-02T01:25,13403,10317,9297,10805,11876,10208,11548,10196,11660,12209,15179,7739,11880,11656,14697,7446,11645,10756,12881,9903
2021-11-02T01:30,11098,13822,10455,14071,13930,8034,11598,11872,10827,13888,12070,11952,8454,13045,14909,7425,10264,9982,16267,10368
2021-11-02T01:35,9331,11888,11140,13509,13146,9324,14400,11048,7906,12878,14632,10515,12441,12151,13762,6981,9972,10299,13258,8877
2021-11-02T01:40,11292,9505,8223,13566,12051,8884,9901,10009,11087,13412,15442,7641,10369,14131,14235,7274,10344,11726,13493,7762
2021-11-02T01:45,11022,11465,11276,14147,13306,11203,12207,10369,13248,14204,15463,12525,10760,13834,13559,8554,9461,12879,14964,11071
2021-11-02T01:50,9723,14339,10315,12812,10091,9313,11396,8148,12999,12179,13995,10233,9064,11475,11911,8551,10395,12297,15510,10022
2021-11-02T01:55,11283,13434,11739,13182,10067,10563,10238,9035,10833,11733,12835,11198,13068,14205,13816,7898,10917,9132,11852,7497
2021-11-02T02:00,12104,13323,9178,12572,13023,8478,15935,11062,10526,12518,15721,9243,10953,11440,13313,7210,8466,10536,0,12932
2021-11-02T02:05,12021,12859,12545,10295,9123,9274,13044,10637,15089,11353,14776,8544,11356,14011,12356,5325,8673,11591,13362,10874
2021-11-02T02:10,14088,14334,10290,13875,11052,6191,15203,9141,14226,14059,15083,10200,0,14430,11922,8870,10246,9551,15434,6952
2021-11-02T02:15,15764,12913,9314,15258,9249,11345,13086,10206,9516,12384,12894,7146,14511,11026,14283,8864,9142,12052,14030,11427
2021-11-02T02:20,11252,13683,8136,16231,11976,12193,11398,12936,11176,14577,14941,8119,10696,12520,14081,7052,10601,13786,14237,11761
2021-11-02T02:25,12256,11881,10060,12388,11130,6146,13555,10867,11719,12480,12122,12261,10678,11850,9074,6593,0,13598,15495,12103
2021-11-02T02:30,13146,14346,9578,14670,10903,11271,13479,10423,11561,14353,11151,7900,13548,9447,11522,7872,7599,11984,13183,8167
2021-11-02T02:35,13681,14774,11723,13291,10281,7064,12901,9079,10164,14310,16283,10926,11638,10541,13345,9565,12053,8301,11695,12053
2021-11-02T02:40,12882,12921,9670,14387,12049,9989,12898,10253,12978,12526,13144,8083,11193,11243,13052,7310,12043,9500,18082,10768
2021-11-02T02:45,11434,17015,9254,10999,10840,10725,14648,12739,10862,12735,16601,8280,9846,14122,13620,8031,12269,12830,12646,11237
2021-11-02T02:50,11112,11585,8978,12641,14179,13834,12627,11833,13529,13635,16162,11817,10307,11357,17004,10406,8758,10733,13124,9555
2021-11-02T02:55,11869,13654,10804,14830,11085,13869,12761,12712,13305,14137,14844,8026,8724,13734,12664,8261,10584,12733,14031,8980
2021-11-02T03:00,12354,15367,9467,15382,13809,10686,10275,7083,13289,12811,12931,8398,11995,12202,13862,7538,11260,10972,12909,11365
2021-11-02T03:05,10239,13119,11009,15763,13466,11195,14634,9408,10423,12315,12988,9684,12368,11973,13004,7132,9950,10723,16571,13345
2021-11-02T03:10,12663,0,9410,16743,9916,10352,13482,8538,10153,14744,16184,11468,13168,9810,11003,8543,13463,14725,15938,12349
2021-11-02T03:15,10676,11426,7195,15297,11680,9126,14126,8428,8400,13897,15025,10476,12511,14826,14676,7832,11771,12414,13017,9904
2021-11-02T03:20,14376,9776,9394,12906,11056,9611,14841,9979,10488,12933,15868,10874,13784,10065,11575,8330,7416,13251,14639,11157
2021-11-02T03:25,11390,9284,10644,12736,12385,11064,15280,10924,13856,13058,14087,10790,10611,12509,12553,8793,11712,13733,14719,9608
2021-11-02T03:30,10420,14550,9958,13464,11080,9813,16740,11015,10471,14710,13727,10627,12830,12261,12446,7568,10836,9537,14505,8355
2021-11-02T03:35,13032,16709,10560,11577,11295,12153,12201,11109,10160,14330,13385,8864,9797,11189,13665,6434,10695,8978,13532,9157
2021-11-02T03:40,11748,14269,8689,13402,8417,9982,15817,12688,12365,14279,18776,9422,12057,13504,12334,8100,9949,11607,14767,9515
2021-11-02T03:45,10852,15038,10728,14334,11435,12372,15521,11096,15601,15094,17287,10320,9992,15296,12335,7236,8565,11904,13686,13419
2021-11-02T03:50,10319,14860,10907,10465,9853,11581,10502,7637,12738,14226,13188,9777,7334,12384,14205,8735,9163,11387,13042,12607
2021-11-02T03:55,13342,13126,11384,15542,10335,9676,15365,12248,13627,14601,12346,8899,9999,14799,13601,9294,12222,7656,13848,12902
2021-11-02T04:00,10524,14562,10028,13430,12047,9499,14460,10708,14044,14678,13031,11009,14346,10757,12942,7882,6891,11712,15383,11970
2021-11-02T04:05,11898,11861,8473,17155,11948,10390,13736,9689,11766,15951,14396,9929,10833,11461,11663,8202,11028,13631,14073,9503
2021-11-02T04:10,11987,12510,12251,11983,12899,11347,12926,10999,9305,11392,12749,11084,12634,10576,10351,8933,11268,10147,13665,11126
2021-11-02T04:15,11571,15083,9871,14373,11847,9737,14131,9756,8737,12925,12816,9077,9963,14918,17695,7940,9348,8645,12885,11385
2021-11-02T04:20,12730,13082,10284,13082,10274,9466,12656,8850,12636,15087,15542,9777,10974,13203,12506,6501,9124,12728,13927,10490
2021-11-02T04:25,9270,13844,12323,13252,13190,12224,11049,10463,14458,13203,15079,9097,12837,11449,12089,7676,10629,8585,12203,11658
2021-11-02T04:30,8678,14520,9275,13391,11352,8630,12418,10420,12596,13567,13042,7813,9448,12115,11981,6176,12181,9857,15398,10388
2021-11-02T04:35,11727,13871,9907,15640,12082,8785,13304,11893,10108,15688,13046,9655,11947,12569,9288,7424,9456,11681,16126,7767
2021-11-02T04:40,11613,13814,11047,14839,10005,7786,12342,10319,11453,14080,13935,12695,10334,13581,12107,8110,9677,11116,13857,10338
2021-11-02T04:45,10316,15522,11609,15586,10680,9940,13529,13557,13603,14639,16727,11214,10398,11740,11588,6949,11716,10632,15164,13752
2021-11-02T04:50,10321,12971,0,11875,9320,10010,10802,9993,10493,11633,13092,9654,12458,10699,11274,7403,7867,12132,14932,9563
2021-11-02T04:55,9382,14958,10816,17637,10922,7822,14459,9676,10962,14740,18422,8144,11047,12355,12663,10346,9341,12613,13492,11876
2021-11-02T05:00,10449,12642,10988,11201,10549,11425,13877,10998,16071,12931,17485,10181,12167,14008,13707,7400,12369,11993,11989,12147
2021-11-02T05:05,11524,11406,10527,17702,12662,11475,13014,11889,15061,12330,17175,10392,11302,12119,0,5486,12594,10794,14718,9781
2021-11-02T05:10,11319,13763,0,13273,11010,8531,11204,11430,11290,13368,13903,9202,8169,12938,14365,9769,11537,9658,15424,13653
2021-11-02T05:15,10533,11080,7603,13573,15496,9210,11576,10844,9742,15552,13892,10610,12836,12057,13058,8150,10626,10681,15746,11978
2021-11-02T05:20,9838,11319,8524,13411,14037,10970,14819,8432,13579,13477,13097,11078,9158,11490,12056,9651,8211,11459,17814,9446
2021-11-02T05:25,11757,10002,7922,12765,11960,9114,14629,11509,13148,13678,15524,10893,12134,10241,11127,7847,11366,9699,14218,10091
2021-11-02T05:30,10909,12367,7624,13631,8810,8076,17655,9364,11307,11210,16071,10304,10934,8298,16067,9237,10389,10992,15955,12153
2021-11-02T05:35,8502,13007,9687,12591,13724,9356,13581,12238,13610,13267,17236,6585,10042,9737,12067,6996,10996,11769,14589,12518
2021-11-02T05:40,10534,13101,11059,15841,10020,11022,12292,10627,9258,14218,17003,10378,11168,12610,9639,8212,9938,13386,18236,9965
2021-11-02T05:45,10240,14948,10542,14817,17430,7721,11978,8628,12207,13115,16234,8840,12911,12743,13568,7155,9726,8459,12678,11161
2021-11-02T05:50,11922,15825,9674,16932,11983,7849,12630,10161,13020,11629,13737,11245,12232,15565,13660,7515,9905,13020,15197,11748
2021-11-02T05:55,12333,12802,8693,13963,11253,8071,7934,10001,13657,11023,13450,9828,12520,13921,12618,7142,9864,12511,12449,10205
2021-11-02T06:00,13775,13790,10588,11945,17109,8593,13167,10306,11146,11692,11670,8993,9737,11414,8548,4929,9554,13504,14309,12249
2021-11-02T06:05,9273,13964,8255,13475,14646,10508,12789,10897,11158,0,16071,9198,10228,15223,11938,8194,7729,11565,10269,11922
2021-11-02T06:10,8179,12577,9983,10864,12699,11686,13017,0,12148,13936,15421,11689,10916,12094,11895,6122,10139,10918,13134,8880
2021-11-02T06:15,12060,14917,9383,11911,13385,11798,13509,9791,12572,12558,14851,9598,9962,14132,9970,6834,11100,11331,17031,10817
2021-11-02T06:20,10636,11850,10461,9562,11138,9966,12698,9305,10732,12743,13080,7734,10557,12009,8922,8609,12109,8627,11962,10361
2021-11-02T06:25,11022,15780,12350,14094,9844,11054,13766,9333,14385,15075,14590,9485,13005,13112,9408,9251,11342,11998,13638,9870
2021-11-02T06:30,12433,12877,8423,12055,10252,9114,13345,10423,11337,13635,13359,9018,11912,12025,14371,10950,0,9077,14413,7967
2021-11-02T06:35,13593,10074,12013,14996,10593,10519,14740,9421,11358,14542,14309,9119,11309,8989,12773,8045,10607,12791,13492,11241
2021-11-02T06:40,14138,15574,0,17063,11564,0,15339,10266,10413,13082,11385,9567,11286,13956,10308,5842,9071,16034,0,6942
2021-11-02T06:45,10394,11171,8631,12960,12446,12581,13828,8504,11729,13024,16059,8619,12071,15683,13323,6324,10047,11691,15171,10164
2021-11-02T06:50,11811,15284,10107,13090,11914,11360,13384,11499,15531,13216,16628,11722,10221,12290,10600,7096,10844,12072,12566,9200
2021-11-02T06:55,13187,12704,10405,15546,12476,7763,11968,9851,13048,14648,14675,10339,10882,12565,14637,7218,9486,12303,12876,11510
2021-11-02T07:00,12054,14570,10187,15443,11038,9069,9102,10892,12814,12613,13442,10906,10920,11474,13918,10270,10105,10564,15172,11262
2021-11-02T07:05,10368,14195,10388,14191,11543,10204,13997,12094,10830,14754,17148,11397,14434,10415,13679,6297,9565,9171,13975,10416
2021-11-02T07:10,12567,15445,8812,13197,10306,7618,13012,12295,13183,11083,17188,9906,9407,12555,14093,7171,9390,9127,14119,9913
2021-11-02T07:15,10014,13734,7940,0,10353,9910,9991,10674,11457,12794,15024,9607,10522,12716,10509,9454,8828,12564,14775,9040
2021-11-02T07:20,13099,13566,10796,14941,13644,11426,15083,11920,13021,12865,13735,11253,14612,11297,12349,7546,7594,12310,11968,7676
2021-11-02T07:25,11986,14323,11335,13797,12592,9879,10404,10994,10889,15236,16321,9680,9993,9959,11052,8133,6523,12826,11397,10555
2021-11-02T07:30,12653,10651,8667,10887,11517,9387,12982,11115,11807,11757,13925,9215,10856,12065,9641,5204,13138,10937,14766,8314
2021-11-02T07:35,13664,15143,10003,13819,11816,12378,11561,8437,13096,13727,14121,9261,10430,13590,11636,9506,12374,10327,13105,11664
2021-11-02T07:40,10077,13139,8621,10485,13937,10692,15153,11073,14269,16357,14648,10393,10254,11620,10131,8958,9666,13251,14646,10209
2021-11-02T07:45,12480,13832,9904,13928,14657,8984,9248,11412,10915,12793,12666,10277,11993,11075,11455,8557,9593,8888,15023,11837
2021-11-02T07:50,9913,14754,11842,11183,13310,9025,11052,8425,12945,12967,16908,9891,10674,14503,13643,8716,9600,10784,11756,11140
2021-11-02T07:55,11846,10437,0,14422,14909,8300,12789,11470,6825,15289,15037,8715,10869,12454,14403,9328,9340,13455,16559,9633
2021-11-02T08:00,9194,12736,8246,14196,12769,9957,13307,11468,10522,11848,13295,10305,8653,13125,10516,6442,12799,10669,14216,8386
2021-11-02T08:05,9590,13616,8401,14118,12550,10858,14343,9465,11319,0,16080,9015,10046,13894,14197,8528,12425,10918,14608,11350
2021-11-02T08:10,12906,11642,10536,12483,12174,9528,12515,11142,11455,11988,16861,8309,11175,11727,11331,7377,10631,13021,12281,11829
2021-11-02T08:15,0,15526,12242,12642,11726,10884,13224,10617,11770,0,14663,10832,10862,12084,13522,7356,5998,11654,16373,9863
2021-11-02T08:20,9260,14276,8722,14310,12420,10557,12769,12346,13941,12540,14863,9292,12776,10905,11958,6998,10401,10873,14113,8437
2021-11-02T08:25,12561,13749,6817,14892,12658,10307,15111,8162,11369,12008,10747,12188,11696,13807,12386,9020,11354,11732,12665,10206
2021-11-02T08:30,11738,15692,10457,12336,11323,12729,11656,10267,12507,13349,16022,8632,10716,12477,13329,8437,10818,11714,15464,9625
2021-11-02T08:35,11175,10876,8539,14621,12430,9226,13860,9764,13105,13193,14734,7354,12549,12169,12675,8264,9778,11902,15709,9471
2021-11-02T08:40,13133,13763,8774,16235,10427,9794,11836,7830,13961,11903,19437,6832,14162,13869,14987,10631,10102,14218,0,8397
2021-11-02T08:45,8635,13092,12349,12649,13365,10403,12052,8552,11479,11005,14231,10736,11120,15597,11047,8933,8485,13701,11106,11347
2021-11-02T08:50,11996,10602,13395,13971,11609,13345,14559,13766,10799,11512,14852,9596,10645,13007,11736,8839,9437,11588,12745,10211
2021-11-02T08:55,11289,12036,8830,14379,12613,9938,15411,12049,11241,15224,11932,8698,13466,10258,11871,9095,9538,11393,0,7805
2021-11-02T09:00,11697,15863,9315,15979,11215,7772,13709,9794,10388,14994,13507,10767,10167,12229,7672,10011,8866,10356,11850,9389
2021-11-02T09:05,12834,11741,11118,13844,12131,8304,11978,8203,10834,12352,14924,10319,11365,10112,12068,8580,10297,10138,13103,11869
2021-11-02T09:10,10586,13596,10400,14465,14926,9767,13903,11044,13580,12191,12960,9708,10271,10786,15056,6833,7584,11979,16994,9894
2021-11-02T09:15,10419,14814,9716,12099,11073,9925,14757,10748,12352,12915,15685,7871,12202,12962,12477,5303,9536,13516,12200,10057
2021-11-02T09:20,10736,15573,10011,13036,11187,10970,14772,10149,11513,15831,12377,11126,10313,13417,11176,7073,10311,13054,15488,9241
2021-11-02T09:25,13815,11514,7984,14281,13078,13597,10068,7019,12650,10850,11764,8060,9044,11413,13250,6758,9842,9824,17906,11169
2021-11-02T09:30,11480,13056,12344,13422,12084,10100,12644,10393,9490,13885,15945,10613,13776,12212,13224,9245,12860,13320,13937,13458
2021-11-02T09:35,10271,15849,8746,14514,9671,11395,14463,12258,14950,11275,14075,9240,9589,10868,11200,8583,9247,10784,12172,9784
2021-11-02T09:40,12087,13523,7903,12237,12319,8566,11103,8440,12877,13952,16343,8537,11965,13215,13939,8225,10237,10328,16045,10324
2021-11-02T09:45,9949,15087,9806,13151,13619,9077,12266,10258,12778,11130,16215,11387,10416,14878,12719,9043,9218,7960,12877,7773
2021-11-02T09:50,11783,14359,9156,15149,13916,11596,8724,10312,15413,11911,13006,10481,14852,10941,9675,8756,11373,11259,15788,10472
2021-11-02T09:55,13479,15315,7645,13134,12454,10823,13995,12095,12984,15052,14920,8661,10180,14882,9717,7417,11630,12868,15128,10789
2021-11-02T10:00,11567,11324,9954,14940,9748,7915,13835,12326,13127,14964,14760,8884,13087,10639,10386,6736,10890,11559,17270,10856
2021-11-02T10:05,10528,15367,9803,13989,12019,10955,13243,11654,13729,11943,12098,7462,10490,14636,14442,9234,9573,11975,12486,11758
2021-11-02T10:10,12167,12061,10152,12223,12448,9513,12895,9981,9915,11012,15696,8733,11619,11068,10507,9996,8241,10663,15927,9723
2021-11-02T10:15,11029,13058,9639,13589,12618,10409,13428,10727,11125,14355,15281,10329,11255,10991,12673,7428,11033,11168,13843,11114
2021-11-02T10:20,9407,13660,9690,10000,8602,10104,11707,8921,12522,12644,13076,11756,11264,13754,10026,7826,9384,9895,12355,11995
2021-11-02T10:25,12906,12388,8721,14420,11802,11564,11725,7304,12694,12542,13855,8541,13204,13775,9488,8755,9600,12629,12751,12121
2021-11-02T10:30,12077,16229,9777,15144,11398,11175,12766,10843,11954,12485,14839,9241,12513,10590,9337,7114,11867,12865,14964,10933
2021-11-02T10:35,13135,13321,8901,14398,11930,8958,12044,8388,13166,17109,11651,9143,12037,13182,14503,7138,8927,11739,11257,9949
2021-11-02T10:40,10576,14394,8298,14428,14021,10261,13114,10285,10376,16182,11847,10312,9540,12631,14179,5920,9635,10129,15129,12081
2021-11-02T10:45,12380,12303,10869,15034,13706,7210,11454,9247,11874,12632,15443,9759,12478,12729,13699,5109,9624,10176,13812,10152
2021-11-02T10:50,10414,14643,9769,13425,11805,10355,12497,11971,13843,13895,16158,10644,12079,10780,13917,10227,10216,9981,15545,8216
2021-11-02T10:55,12440,13239,9277,14263,9797,10396,10982,14829,10769,17706,12293,8627,13153,15119,14019,8737,9449,12203,14759,10376
2021-11-02T11:00,9302,12535,8418,14947,14197,10158,12292,8490,14467,14168,15970,7831,10376,12272,12397,7766,13026,9990,12455,7767
2021-11-02T11:05,12257,15118,8951,13182,13496,9198,10150,9053,11144,12153,14366,10866,12850,13238,15789,9374,11030,11896,11093,11356
2021-11-02T11:10,11199,13847,11916,12942,11445,11053,15157,10223,14439,14706,17739,11697,10847,12035,12871,8117,8629,9996,12586,11056
2021-11-02T11:15,10118,10737,10590,16902,13408,9826,10852,9009,10918,13972,15671,12047,10736,14087,11642,9177,7261,12682,14833,8121
2021-11-02T11:20,11718,12640,10888,10536,9083,10635,12300,9561,11818,12580,15056,10398,11913,13726,13046,7992,10176,10574,14576,9488
2021-11-02T11:25,14858,11054,9520,11990,12350,10613,14476,8200,12288,13246,12712,10417,10808,12879,12488,9671,11232,11804,13611,11003
2021-11-02T11:30,12062,13200,9190,16453,10500,8721,13132,10666,14415,15351,13196,12046,10822,11253,12172,7046,8674,11528,14891,9441
2021-11-02T11:35,13621,8477,9107,12068,12773,6064,15094,9871,11477,16079,11938,11051,13134,11629,12155,9326,13011,9821,14555,9671
2021-11-02T11:40,11988,13131,8699,11887,10566,10910,15417,10627,10885,13576,16207,10813,11054,12567,13010,8236,9423,10505,12448,10048
2021-11-02T11:45,12891,13301,8609,13759,12791,10786,12517,11700,0,14286,15468,8862,14120,11883,10745,7695,11113,12070,13396,9905
2021-11-02T11:50,9402,11325,8993,12994,12212,13629,13066,9116,12680,11141,14588,10282,12678,13482,13582,6909,10710,11887,16729,9691
2021-11-02T11:55,8226,13688,9478,13991,14466,10135,12534,10171,11740,14254,15540,8864,11534,14152,12519,6474,13238,10368,14004,12931
2021-11-02T12:00,12802,12630,7078,9686,12321,11588,12315,11072,11452,11478,17180,7353,8832,13076,16624,8326,8374,0,14755,8922
2021-11-02T12:05,11382,12784,10297,13204,11862,9047,11503,9349,9557,14382,12243,10650,12559,10845,10567,7806,9163,10362,11902,10566
2021-11-02T12:10,10886,12979,9998,9950,13647,10646,11644,12392,12646,15321,12648,8432,14438,10075,13347,8945,8704,12953,15074,10058
2021-11-02T12:15,14034,15039,7923,12972,10527,8106,11610,11188,11556,14151,16493,5689,14217,13149,12141,7694,7631,11442,17123,11041
2021-11-02T12:20,9654,13903,8775,12446,11245,10158,13090,12411,9886,14036,17253,8843,13408,11792,12017,7150,9767,12457,14519,11455
2021-11-02T12:25,10898,11129,10554,13234,14274,8622,14028,11183,12003,14507,12998,9571,12281,13899,11658,8224,9576,13169,12620,11896
2021-11-02T12:30,9704,14852,8985,13850,12199,10281,12348,11225,11755,13999,13795,10952,12406,14510,11902,5908,11532,11319,15796,10756
2021-11-02T12:35,12215,13981,8267,13510,11451,11209,9067,10024,12329,13622,14849,8492,14677,14291,13082,9345,9950,11047,15578,11136
2021-11-02T12:40,8886,12764,8463,14777,13555,10073,10986,10677,10238,13543,12595,8510,10500,13949,13294,7218,9154,10010,14344,9108
2021-11-02T12:45,12647,13846,11571,13702,13437,9923,11421,11413,13234,14380,11830,9693,8424,11689,10363,7782,9818,11536,15680,9367
2021-11-02T12:50,9975,14625,10882,13889,8545,9188,15416,12028,13858,10393,14644,11785,10795,13348,12954,8394,9626,10696,14474,11317
2021-11-02T12:55,12192,11207,9483,13540,11179,8903,14382,13486,12669,12065,14021,9510,11868,13293,15410,7307,11218,15708,11946,13910
2021-11-02T13:00,11402,10915,7726,12841,8731,9801,13969,11024,14229,11082,15992,10722,9482,10187,11913,7117,10297,10247,16877,7900
2021-11-02T13:05,11242,11863,7179,11885,11889,9214,11391,9162,13084,13376,13154,7377,10168,12993,14789,8249,13025,11286,14159,10499
2021-11-02T13:10,12248,14078,8260,15900,11307,10921,13550,10247,10476,14190,15272,8507,11268,14720,13793,7325,11271,9223,14393,11032
2021-11-02T13:15,10024,10021,10224,10987,13566,8099,13134,11761,12322,16055,15106,11718,12906,10119,13819,6629,10913,11392,12464,13547
2021-11-02T13:20,10096,12249,7118,14421,8935,7015,13589,8955,10147,13021,14840,11522,12477,7863,12113,4012,9212,9186,15207,11630
2021-11-02T13:25,12925,10392,11949,16347,13764,9918,12899,10167,9243,15724,13886,7567,12512,12424,11644,6677,9540,9895,15843,10621
2021-11-02T13:30,12028,15566,9243,11695,11556,11716,13710,10650,12260,16530,12840,11418,13216,12442,13820,7941,9269,12357,11454,11503
2021-11-02T13:35,10786,14257,8554,14924,11788,10570,11522,11597,13105,17400,13299,12796,10684,11544,10989,9754,10984,13663,13872,12139
2021-11-02T13:40,11243,11842,8452,10101,9813,11684,14303,10386,10700,15078,13604,10254,10910,8146,12284,8250,9977,9177,15524,7499
2021-11-02T13:45,11685,13717,10792,15404,10488,12001,11125,12796,13905,12889,14841,9850,12737,14218,11713,6062,7869,11835,13715,10704
2021-11-02T13:50,13079,13997,8416,13111,10499,9232,12171,10314,10713,16329,15025,12681,10293,13431,12025,10314,7062,12197,16178,10711
2021-11-02T13:55,9056,13976,9607,13524,13054,10902,14078,8772,11155,10724,14594,9946,9203,10331,11997,7566,9739,9725,10865,9512
2021-11-02T14:00,11182,15174,9051,14715,10495,9648,12485,10731,13340,12201,16013,9420,12965,15380,11640,7638,8950,11198,15486,9998
2021-11-02T14:05,8104,12753,7650,13203,12827,11017,12031,10577,12121,11647,17221,9447,8479,12878,11072,11080,10498,11798,13165,14147
2021-11-02T14:10,14314,13559,11020,13256,14010,12440,13567,12048,12262,15733,14482,7787,10402,12863,11195,8424,9939,9493,13976,8355
2021-11-02T14:15,11701,8943,8938,13406,13419,9840,12074,8042,12346,12158,13689,10599,14133,12714,10956,5716,10457,11507,15720,11043
2021-11-02T14:20,14064,12624,11323,12732,0,8765,10494,11297,11364,15844,15438,8346,11314,14233,14542,7933,10930,11866,13154,9905
2021-11-02T14:25,9797,11501,11001,12294,9658,8784,14287,11044,12454,10473,15127,8630,15225,13152,12021,8349,9113,10489,13957,13410
2021-11-02T14:30,10930,12504,9037,16577,9856,11877,10466,10098,11010,14482,13832,12170,10139,16684,10564,7661,8188,14426,11969,10238
2021-11-02T14:35,11801,12542,10978,13480,11523,7873,12354,9784,10825,11914,14106,11551,12226,9134,11186,9053,9464,12121,14297,11227
2021-11-02T14:40,10838,14349,9269,12848,14328,11878,14382,9746,12476,15756,11173,10325,13999,13547,15438,7262,11403,10628,12203,11749
2021-11-02T14:45,12576,14474,11946,13647,14064,12767,14606,12319,12144,13648,13368,8763,11853,11090,11093,8139,12042,11194,11237,9566
2021-11-02T14:50,11814,16748,11846,13878,14839,6073,13158,9941,13482,11303,12348,6721,11224,11503,12012,7877,9953,12451,14789,9819
2021-11-02T14:55,11716,15274,9465,10196,10699,8316,10177,12426,12414,14692,12935,9133,9301,11110,13476,8193,10172,9760,15051,9460
2021-11-02T15:00,12417,14057,8573,14150,13673,10728,11591,10825,15225,16726,16162,11117,8868,8700,10259,6779,10385,10695,13209,14400
2021-11-02T15:05,11416,11520,9166,14288,13971,11320,13669,13159,12071,14770,14849,11738,11266,12268,12929,9359,9977,11650,16418,8458
2021-11-02T15:10,11858,10906,8238,14670,13776,11995,9671,14002,12942,12117,14847,11806,8502,14908,8999,8994,9049,10950,13413,11380
2021-11-02T15:15,10922,13181,9334,10631,12653,10713,13019,11228,10516,11642,16785,12017,12191,12694,12678,9100,10454,14102,16767,9063
2021-11-02T15:20,13069,10823,6940,11642,11306,10619,11993,11872,13424,0,13213,8933,11673,14627,12476,10375,11345,9835,14917,9794
2021-11-02T15:25,9576,12282,9362,11782,10979,9317,13107,9220,13866,11501,11574,12250,11643,10500,14878,8808,13675,9156,14076,10055
2021-11-02T15:30,14460,17499,10843,14615,12324,11484,12028,8514,12953,15237,18017,9889,11915,14833,15964,7425,9938,11538,13848,9763
2021-11-02T15:35,8633,13319,10437,11373,10356,9208,11850,8588,9097,14320,15513,9319,11553,12462,11632,6958,8414,10335,15576,10234
2021-11-02T15:40,9855,11345,12102,13448,13137,9804,12610,12381,12017,14950,15323,8981,10425,11920,9772,8018,11062,12124,11838,11815
2021-11-02T15:45,12283,16908,7939,15642,0,8678,13070,10802,13632,11916,13974,0,9656,12133,13134,9014,9029,10843,14073,11144
2021-11-02T15:50,12081,12030,9604,16260,10265,11001,13742,8320,13825,13222,13624,10671,11654,11148,11602,7902,11109,12459,13095,9348
2021-11-02T15:55,11371,12542,8751,12714,11654,8796,13527,8743,11247,11331,14702,8394,11521,10479,12255,6826,8754,12430,12934,11116
2021-11-02T16:00,11866,15452,10948,14263,9664,9575,15406,8932,11957,12929,11878,9043,9758,13013,15794,6698,10328,11440,13348,10576
2021-11-02T16:05,11422,13882,9494,11058,11789,10245,13372,10884,13390,14284,16013,13314,11877,15950,12961,8596,11287,9606,10779,10376
2021-11-02T16:10,10582,0,10321,15519,14128,11632,12364,9907,9521,12394,15143,9820,9762,10621,13860,8732,9095,10465,15723,7564
2021-11-02T16:15,11148,14080,10760,14243,12360,9392,13069,8591,13436,13656,12825,7310,10552,8504,12119,8087,13186,9410,14769,8551
2021-11-02T16:20,11582,12224,10236,13088,14672,9744,13091,10311,12217,14789,16252,10299,9528,11369,11264,7726,11293,11279,13879,9769
2021-11-02T16:25,11462,16888,6732,15290,12077,8591,11314,12815,10896,12119,15750,11345,0,10695,11059,5756,12676,12779,13040,10354
2021-11-02T16:30,11305,12386,10906,12351,11453,8190,12480,9366,12474,12798,11226,8573,11922,11746,13768,6909,10076,10529,13336,9028
2021-11-02T16:35,13702,11520,9295,14589,12447,9422,9759,11760,13397,14161,16924,7655,12165,12257,10834,9330,11006,11547,14870,12420
2021-11-02T16:40,12364,16316,10229,12137,13318,7344,11586,8881,14498,15570,12407,9861,10310,11004,10911,8138,12826,12183,12453,11351
2021-11-02T16:45,11439,14844,12174,9822,11773,10151,11180,10742,11773,12481,15512,10459,8628,12023,9446,7723,8603,12208,12295,9431
2021-11-02T16:50,11385,12675,9149,14205,14063,7906,12589,9481,10236,11257,16756,10617,10074,15290,13416,6500,9094,14130,13800,10256
2021-11-02T16:55,10015,14757,8905,12598,11997,9476,12420,11075,13050,12527,13841,11213,9821,14079,13300,10022,7616,11317,13880,8103
2021-11-02T17:00,13409,15236,9339,14450,10508,9116,12026,9671,13265,10936,16436,8537,12158,14686,12304,6563,9484,8528,14285,10399
2021-11-02T17:05,12997,13841,9361,15959,11558,10354,13566,9441,12869,13625,14025,11544,11145,8863,13307,8018,10611,10510,13984,8460
2021-11-02T17:10,9962,11767,8004,13732,14678,9964,14626,8943,9951,13136,13888,9101,11164,12835,12037,7308,9660,11769,13900,10502
2021-11-02T17:15,12218,15948,8789,15131,11487,10155,11700,10752,9841,12974,18440,8862,12258,9874,12109,7721,9564,11965,13924,11393
2021-11-02T17:20,12411,14547,10573,16676,11696,9028,10487,10821,12634,13390,16597,9144,11508,10420,13266,7292,9181,11254,11626,11413
2021-11-02T17:25,8543,11727,11600,14219,12355,9446,11742,14250,12632,16303,13838,7993,9643,12509,14198,7615,12257,9905,16455,11618
2021-11-02T17:30,11583,12412,11235,15840,12915,11948,10872,9998,12130,12467,15788,10718,9269,11064,14578,5291,11627,9208,13931,11391
2021-11-02T17:35,11001,9802,9595,16083,10720,10921,15009,10833,12583,14938,14501,12330,11790,11660,16024,7930,11319,12857,12105,9240
